{"train_loss": [6.088049129218443, 5.649852129733875, 5.488484433618321, 5.379582704171627, 5.297196462611878, 5.230678293328112, 5.175148628973296, 5.126687205855562, 5.084423370917571, 5.04598595334228, 5.010994485748691, 4.979243028798752, 4.9505850916078105, 4.92228197144535, 4.8966164053846795, 4.872748036457136, 4.850140033590521, 4.828975722433044, 4.8081161393417915, 4.789010977805518, 4.770009533087278, 4.752207053080516, 4.735567893905349, 4.718749067990939, 4.702754268077905, 4.68772292358837, 4.672261545039392, 4.6579062807690965, 4.644357024363714, 4.6305973475400615, 4.6172312554523085, 4.60475278253386, 4.592163803309378, 4.580008711234453, 4.568297071065927, 4.55691141106774, 4.545762126262371, 4.53466513866302, 4.523694182893329, 4.512833553154591, 4.5024498107568345, 4.492554786844165, 4.4825520667602525, 4.472178037551531, 4.462856745175759, 4.4540014524935465, 4.44444510368402, 4.4350115280481885, 4.426231910692668, 4.417162865475891], "val_loss": [5.634227971332829, 5.411261298016804, 5.2746961465696005, 5.178278926523721, 5.105517918889116, 5.046877150419282, 4.997063307645845, 4.954680946396619, 4.917888063337744, 4.8851985105654085, 4.855449611384694, 4.828238154620659, 4.803560053429952, 4.781231553380082, 4.759828765217851, 4.740630874401186, 4.722433253032405, 4.70561337122103, 4.689227176294094, 4.673877272954801, 4.660338634397926, 4.646468361412607, 4.6338202685844605, 4.620852230816353, 4.610155635926781, 4.599093876815424, 4.5879097833866025, 4.5776334576490445, 4.567852444765045, 4.558280153972347, 4.549180187830111, 4.540560288545562, 4.532342803768995, 4.523756558720659, 4.515498156663848, 4.507849394402853, 4.500074472659971, 4.493629643975234, 4.487131938701722, 4.479565242441689, 4.47335105291227, 4.466770372158144, 4.460832279484446, 4.4540943634219285, 4.448504436306838, 4.442271782712239, 4.437509750738377, 4.431655162718238, 4.427377182099877, 4.421151462415369]}